name,major,score,activity,achievement,nonacademic_achievement,accept_status
Fay Massey,ipa,86,Yes,Yes,No,Yes
Rebecca Sullivan,ipa,85,No,Yes,Yes,No
Lamar Dillard,ipa,86,Yes,Yes,No,Yes
Honorato Love,ips,94,No,No,Yes,Yes
Tobias Brennan,ips,90,Yes,No,Yes,No
Aphrodite Randolph,ipa,89,Yes,Yes,No,No
Harriet O'Neill,ipa,97,Yes,No,No,Yes
Rafael Dunlap,ipa,82,Yes,Yes,Yes,No
Hammett Tyson,ipa,85,Yes,No,No,No
Uriel Bradford,ipa,93,Yes,No,No,Yes
Stone Shields,ips,95,No,No,No,No
Talon Valdez,ipa,93,Yes,Yes,Yes,No
Owen Wagner,ips,89,No,Yes,Yes,No
Roth Gregory,ips,95,Yes,Yes,Yes,Yes
Damon Peters,ips,92,Yes,No,Yes,No
Nicole Castro,ipa,94,Yes,Yes,No,No
Gary Green,ipa,93,Yes,No,Yes,Yes
Vivian Quinn,ipa,86,No,Yes,Yes,No
Kenyon Bolton,ipa,97,Yes,Yes,Yes,Yes
Chastity Kelly,ipa,88,Yes,No,Yes,No
Aquila Juarez,ips,87,Yes,Yes,Yes,No
Fleur Burns,ipa,81,Yes,Yes,No,No
Mohammad Butler,ips,93,No,Yes,Yes,No
Genevieve Castro,ipa,97,No,No,Yes,Yes
Rebekah Yang,ips,81,No,No,No,No
Margaret Mcintosh,ips,84,No,Yes,Yes,Yes
Rhonda Hurst,ipa,87,No,No,No,Yes
Lareina Workman,ipa,87,No,Yes,Yes,Yes
Porter Fitzgerald,ips,84,Yes,No,Yes,No
Brenda Hatfield,ipa,94,No,Yes,Yes,No
Oren Kerr,ips,97,No,Yes,Yes,Yes
Alec Terrell,ips,86,No,No,Yes,Yes
Stacy Cardenas,ips,96,No,No,No,No
Thaddeus Lambert,ipa,96,No,Yes,No,Yes
Chelsea Wilcox,ipa,90,Yes,No,No,Yes
Winifred Chen,ipa,94,Yes,Yes,No,No
Thor Nash,ips,87,No,No,No,Yes
Bradley Yang,ipa,81,No,No,No,Yes
Kirsten Jacobson,ipa,94,Yes,Yes,Yes,No
Azalia Hooper,ipa,96,No,No,No,No
Nathaniel Hardy,ipa,86,No,Yes,No,No
Noble Gilliam,ipa,91,No,Yes,Yes,No
Shay Simpson,ipa,94,No,No,No,No
Signe Griffin,ips,81,Yes,No,Yes,Yes
Camilla Leon,ipa,81,Yes,Yes,Yes,No
Quon Patterson,ipa,96,Yes,No,No,Yes
Harlan Curry,ipa,86,Yes,No,No,Yes
Genevieve Garrett,ips,97,No,No,Yes,Yes
Kaseem Hale,ipa,91,No,No,No,No
Hollee Whitfield,ips,88,No,No,No,No
Adam Ferrell,ipa,98,No,No,No,No
Lois Hogan,ipa,84,No,Yes,No,No
Hamilton Richmond,ipa,98,No,No,No,No
Damian Payne,ipa,96,No,No,Yes,No
Ferris Russell,ips,88,Yes,Yes,Yes,No
Nyssa Logan,ipa,94,No,Yes,No,No
Ezra Harmon,ips,93,Yes,No,Yes,Yes
Thaddeus Callahan,ips,80,Yes,No,No,Yes
Ivana Thompson,ipa,88,No,Yes,No,No
Ginger Beasley,ipa,89,Yes,No,No,No
Lael Pittman,ips,95,No,Yes,No,No
Price Boyer,ipa,87,Yes,Yes,Yes,No
Wayne Garza,ipa,87,No,Yes,Yes,No
Eric Bradford,ips,81,No,No,Yes,No
Lewis Solomon,ips,86,Yes,Yes,No,No
Chava Hendricks,ips,81,Yes,No,Yes,Yes
Kirestin Castillo,ips,95,No,Yes,No,No
Porter Mcmahon,ips,80,No,No,No,No
Willow Bowman,ipa,87,No,Yes,No,Yes
Paki Bridges,ips,83,Yes,Yes,No,No
Ira Fernandez,ipa,88,Yes,Yes,No,Yes
Gavin Burks,ips,96,Yes,Yes,No,No
Vladimir Flores,ips,87,No,Yes,No,Yes
Daphne Downs,ipa,91,Yes,No,No,Yes
Roanna Mullins,ipa,87,Yes,No,Yes,No
Shana Palmer,ipa,87,Yes,No,No,No
Imogene Holden,ips,88,No,No,No,No
Cheyenne Hewitt,ipa,83,Yes,Yes,No,No
Sasha Daniels,ipa,90,No,No,No,Yes
Alma Whitehead,ips,97,Yes,No,No,Yes
Gareth Lowe,ips,81,Yes,Yes,No,Yes
Ivor Key,ipa,86,No,Yes,Yes,Yes
Samson Gay,ips,89,Yes,Yes,No,No
Christen Murphy,ipa,84,No,Yes,No,No
Haviva Le,ipa,81,Yes,No,No,No
Jillian Snyder,ips,84,No,No,No,No
Lana Mckenzie,ipa,84,Yes,No,Yes,Yes
Andrew Howe,ipa,87,No,No,Yes,Yes
Pearl Valenzuela,ips,89,No,Yes,Yes,No
Anika Dillard,ips,93,Yes,Yes,Yes,No
Martha Snyder,ips,95,Yes,Yes,No,Yes
Jack Burgess,ips,90,No,Yes,Yes,No
Lani Nolan,ips,81,Yes,No,No,No
Joan Kelley,ips,83,No,No,Yes,No
Theodore Sharpe,ips,82,No,No,Yes,Yes
Sigourney Mcdonald,ipa,97,Yes,Yes,Yes,No
Echo Fisher,ips,95,Yes,Yes,Yes,No
Cruz Maddox,ipa,85,Yes,Yes,Yes,Yes
Ignacia Levy,ipa,80,No,Yes,No,Yes
Nora Douglas,ips,83,Yes,No,No,No
Amos Munoz,ipa,88,Yes,No,No,Yes
Shannon Hammond,ipa,93,No,Yes,Yes,Yes
Allen Potter,ips,82,Yes,No,No,No
Calvin Hubbard,ipa,91,No,Yes,No,No
Ahmed Rhodes,ipa,88,Yes,Yes,No,No
Selma Mccullough,ips,98,Yes,No,Yes,No
Lee Meyer,ips,97,No,No,No,Yes
Glenna Cannon,ipa,95,No,No,No,Yes
Plato Gray,ipa,95,No,No,Yes,Yes
Priscilla Hess,ipa,84,No,No,No,Yes
Yoko Holland,ipa,98,No,Yes,Yes,No
Quintessa Black,ipa,82,No,Yes,Yes,No
Garrison Sykes,ipa,88,No,No,Yes,No
Rhona Cervantes,ipa,82,No,No,No,Yes
Kareem Berg,ips,87,No,No,No,No
Emily Hancock,ips,96,Yes,No,No,Yes
Ivor Olson,ipa,89,No,No,Yes,Yes
Cally Gilliam,ips,80,No,Yes,Yes,Yes
Karly Merrill,ipa,90,Yes,Yes,Yes,No
Alvin Bowman,ips,94,Yes,Yes,Yes,No
Maxine Cooke,ipa,95,No,Yes,No,No
Jordan Richards,ips,81,No,Yes,No,No
Orlando Slater,ips,81,No,No,No,Yes
Mufutau David,ips,89,Yes,Yes,Yes,Yes
Axel Perry,ips,96,No,No,No,No
Oren Lester,ipa,97,Yes,No,Yes,Yes
Robert Roach,ipa,96,Yes,No,No,Yes
Trevor Fitzgerald,ipa,82,No,No,No,Yes
Gwendolyn Hendrix,ips,98,No,Yes,No,Yes
Jillian Barlow,ipa,93,No,No,Yes,Yes
David Murray,ips,86,No,Yes,No,Yes
Howard Guthrie,ips,82,No,No,No,Yes
Keefe Mcneil,ips,90,No,No,No,No
Cassidy Lang,ips,93,No,No,Yes,Yes
Raya Chang,ips,85,Yes,No,No,Yes
Marshall Burnett,ips,83,Yes,No,No,No
Gary Conner,ipa,92,No,Yes,Yes,No
Nelle Oliver,ipa,80,Yes,No,No,No
Karly Boone,ipa,89,No,No,No,No
Lee Chapman,ipa,84,No,Yes,Yes,No
Logan Townsend,ips,96,No,No,No,No
Denise Reynolds,ipa,89,Yes,Yes,Yes,No
Curran Tyler,ips,96,Yes,Yes,Yes,No
Caesar Stark,ips,90,Yes,No,Yes,No
Lane Moss,ips,93,Yes,Yes,Yes,No
Macaulay Webster,ips,84,Yes,Yes,Yes,Yes
Flynn Maxwell,ips,97,Yes,No,Yes,No
Patricia Frederick,ipa,83,Yes,Yes,No,No
Duncan Vance,ips,86,Yes,Yes,No,No
Len Buchanan,ipa,89,Yes,No,Yes,No
Signe Nolan,ipa,98,Yes,Yes,No,No
Kermit Saunders,ipa,89,No,Yes,No,Yes
Tyrone Austin,ips,85,No,Yes,No,No
Cyrus Hobbs,ipa,83,No,No,No,No
Hedley Glenn,ipa,92,Yes,Yes,No,Yes
Lucas Cruz,ips,98,Yes,Yes,No,No
Arthur Norris,ips,84,No,No,No,Yes
Maya Acosta,ipa,91,No,No,Yes,Yes
Nash Weaver,ipa,88,Yes,Yes,No,Yes
Todd Downs,ipa,88,Yes,No,No,Yes
Kessie Dillard,ipa,93,No,Yes,No,Yes
Lars Carroll,ips,81,No,Yes,Yes,No
Aretha O'brien,ips,82,Yes,No,No,Yes
Robin Irwin,ips,84,Yes,Yes,No,No
Kai Morales,ips,87,No,Yes,No,Yes
Alexander Callahan,ipa,97,Yes,No,No,Yes
Amethyst Little,ipa,94,Yes,No,Yes,No
Wanda Mcmillan,ips,89,Yes,No,No,Yes
Bruce Swanson,ips,87,No,No,No,Yes
Burton Farmer,ips,90,Yes,No,Yes,Yes
Lawrence Parsons,ipa,84,Yes,Yes,Yes,Yes
Hannah Cooke,ipa,81,No,No,Yes,Yes
Dalton Alexander,ips,84,Yes,Yes,Yes,No
Zeus Logan,ipa,81,Yes,No,Yes,No
Cedric Valentine,ipa,84,Yes,Yes,No,No
Warren Logan,ipa,84,Yes,No,No,Yes
Rinah Ewing,ips,92,Yes,Yes,No,No
Benedict Cote,ips,91,Yes,No,No,No
Bert Byrd,ipa,93,Yes,No,No,No
Ethan Adkins,ipa,85,No,No,Yes,Yes
Holmes Sawyer,ipa,96,Yes,No,No,Yes
Oleg Barlow,ipa,94,No,Yes,No,Yes
Thane Carroll,ipa,80,No,No,No,Yes
Chandler Brock,ips,93,Yes,No,No,No
Tara Bonner,ips,86,No,Yes,Yes,Yes
Signe Gutierrez,ips,86,No,Yes,No,No
Joel Blanchard,ips,98,No,No,No,No
Damian Gibson,ipa,84,No,Yes,No,Yes
Xavier Joyce,ipa,92,No,Yes,Yes,No
Alisa Moss,ipa,97,No,Yes,No,Yes
Sonya Williamson,ipa,84,Yes,Yes,No,No
Zia Daugherty,ipa,86,Yes,Yes,No,No
Xavier Spence,ipa,82,No,Yes,Yes,Yes
Vaughan Moran,ips,81,Yes,No,Yes,No
Melanie Benton,ipa,92,Yes,No,No,Yes
Kaye Henry,ips,82,Yes,No,Yes,No
Uriah Walsh,ipa,83,Yes,Yes,No,No
Owen Jimenez,ips,83,Yes,Yes,Yes,Yes
Ina Avery,ips,95,No,Yes,Yes,No
Sybill Petty,ipa,89,No,Yes,Yes,Yes
Pearl Bowers,ipa,82,Yes,Yes,Yes,No
Mara Sharp,ips,81,No,Yes,No,No
Mollie Prince,ips,89,No,No,Yes,No
Jerome Russo,ipa,90,Yes,Yes,No,Yes
Kieran Villarreal,ipa,88,Yes,Yes,Yes,Yes
Maisie Ellis,ipa,80,No,Yes,No,No
Alfreda Emerson,ips,91,No,No,No,Yes
Brenda Jarvis,ipa,81,No,No,No,No
MacKensie Strickland,ipa,93,No,Yes,No,No
Sylvia Preston,ips,98,Yes,No,Yes,No
Pandora Todd,ipa,91,Yes,Yes,No,Yes
Kennedy Calderon,ipa,89,No,Yes,No,Yes
Jasper Acevedo,ipa,84,No,No,Yes,No
Justina Rosario,ipa,97,No,No,Yes,Yes
Quinlan Flowers,ips,98,No,No,No,No
Faith Jensen,ipa,82,Yes,No,No,No
Alma Farmer,ips,96,No,Yes,No,Yes
Hiram Butler,ips,85,No,No,Yes,Yes
Karyn Norris,ipa,85,Yes,Yes,No,Yes
Guinevere Wood,ips,80,No,No,Yes,Yes
Hector Blake,ipa,84,No,No,No,Yes
Abel Salazar,ips,84,Yes,Yes,Yes,No
Devin Rasmussen,ips,83,Yes,Yes,No,No
Macaulay Waller,ips,91,Yes,Yes,Yes,Yes
Zeph Dillon,ipa,92,No,No,No,No
Elvis Jefferson,ipa,90,No,No,No,Yes
Brenna Hill,ipa,82,Yes,No,No,No
Leo Mcgowan,ips,88,No,No,No,No
Abra Solomon,ipa,92,Yes,No,Yes,No
Mohammad Clayton,ipa,96,Yes,No,No,No
Deacon Fitzpatrick,ipa,95,Yes,Yes,No,Yes
Anika Daniel,ipa,97,Yes,Yes,Yes,Yes
Georgia Serrano,ipa,84,Yes,No,Yes,Yes
Pearl Combs,ipa,95,Yes,Yes,Yes,No
Isadora Kim,ips,89,Yes,No,No,Yes
Fritz Weaver,ipa,90,No,Yes,No,Yes
Jordan Gates,ips,94,Yes,No,Yes,No
Shad Roberson,ipa,87,Yes,Yes,Yes,No
Nathan Valdez,ips,82,No,Yes,Yes,Yes
Conan Munoz,ipa,90,Yes,No,Yes,No
Wayne Joseph,ips,85,Yes,No,Yes,Yes
Barry Burch,ipa,93,Yes,Yes,Yes,No
Grady Logan,ips,85,Yes,Yes,Yes,Yes
Katelyn Watkins,ipa,97,No,No,Yes,No
Zelenia Ware,ipa,98,Yes,Yes,Yes,No
Preston Saunders,ips,96,No,Yes,No,Yes
Aristotle Hanson,ipa,93,Yes,No,No,No
Germane Allison,ips,90,Yes,Yes,Yes,Yes
Edward Hunter,ips,90,No,No,No,No
Jenette Olsen,ips,96,No,No,Yes,Yes
Octavius Klein,ips,96,No,No,Yes,No
Destiny Hansen,ips,89,No,Yes,No,Yes
Rina Kirk,ipa,93,Yes,Yes,No,Yes
Tanner Beard,ipa,81,Yes,Yes,No,No
Astra Yates,ipa,95,No,Yes,Yes,No
Akeem Maynard,ips,91,Yes,No,Yes,Yes
Karly Savage,ipa,96,Yes,Yes,Yes,Yes
Wade Roach,ips,80,No,No,Yes,Yes
Jakeem Mcmahon,ipa,83,No,No,No,No
George Chen,ips,94,Yes,No,No,Yes
Sigourney Chambers,ipa,98,Yes,No,No,No
Marvin Skinner,ipa,91,No,No,No,Yes
Kaitlin Medina,ipa,80,Yes,No,Yes,No
Kasper Mclaughlin,ips,97,No,Yes,No,Yes
Odysseus Smith,ips,84,Yes,No,No,Yes
Carl Bailey,ips,89,Yes,No,Yes,Yes
Zahir Duncan,ipa,87,No,Yes,Yes,No
Colette Larsen,ips,96,Yes,Yes,No,Yes
Lesley Hurst,ips,90,Yes,No,No,Yes
Sarah Mcfadden,ipa,96,Yes,No,No,Yes
Armand Medina,ips,83,No,No,Yes,No
Garrett Rich,ips,91,Yes,No,Yes,Yes
Jarrod Velazquez,ipa,82,No,No,No,No
Mary Fuentes,ipa,82,No,Yes,No,No
Rosalyn Cameron,ips,96,No,No,Yes,Yes
Anne Anderson,ips,90,Yes,No,No,Yes
Dorian Pacheco,ips,81,Yes,No,No,No
Ferdinand Brewer,ipa,81,No,No,Yes,No
Lysandra Briggs,ipa,85,No,Yes,Yes,Yes
Katelyn Morris,ipa,89,Yes,No,No,Yes
Jamal Gay,ipa,90,Yes,No,Yes,Yes
Ila Howell,ipa,96,Yes,No,No,No
Carter Barr,ipa,92,No,No,Yes,Yes
Yoshio Nielsen,ips,84,Yes,No,Yes,No
Marcia Wilcox,ips,88,Yes,Yes,No,Yes
Ariana Delacruz,ipa,84,No,Yes,No,No
Clare Woods,ipa,87,No,Yes,Yes,No
Megan Cote,ipa,92,Yes,No,No,Yes
Mechelle Barry,ipa,85,No,Yes,No,No
Edan Fuller,ips,83,Yes,Yes,No,Yes
Phelan Nguyen,ips,85,Yes,Yes,Yes,Yes
Elvis Farrell,ips,95,Yes,No,Yes,No
Mariko Garrett,ips,98,No,Yes,Yes,No
Dustin Sullivan,ipa,90,Yes,No,No,Yes
Lacey Rowland,ips,82,Yes,No,No,No
Latifah Myers,ipa,94,No,Yes,No,Yes
Ifeoma Blake,ipa,82,Yes,Yes,No,Yes
Branden Soto,ipa,87,No,No,Yes,No
Camilla Wilson,ips,94,Yes,Yes,Yes,No
Mark Carver,ipa,88,No,No,Yes,Yes
Iliana Dyer,ips,97,No,Yes,Yes,No
Zephania Fulton,ipa,97,Yes,Yes,No,No
Kiara Hester,ipa,86,No,No,Yes,No
Dean Mccullough,ipa,92,Yes,No,Yes,No
Alika Jenkins,ips,83,No,Yes,No,Yes
Tatyana Holland,ips,83,No,No,Yes,No
Ora Frank,ipa,87,Yes,No,Yes,No
Tanek Rosario,ipa,98,No,Yes,Yes,No
Gary Lambert,ipa,88,Yes,Yes,No,Yes
Jessamine Stewart,ips,91,Yes,Yes,Yes,Yes
Justine Moss,ipa,89,No,No,Yes,No
Emma Mckenzie,ips,82,No,Yes,No,Yes
Sandra Sampson,ipa,92,No,Yes,No,No
Bevis Ellis,ipa,91,No,Yes,No,No
Indigo Ryan,ips,84,Yes,No,No,Yes
Ainsley Weiss,ipa,90,No,No,No,Yes
Fay Andrews,ipa,97,No,Yes,Yes,No
Alexa Whitley,ips,83,Yes,Yes,Yes,Yes
Forrest Wong,ipa,97,Yes,No,Yes,Yes
Paki Page,ipa,94,Yes,Yes,No,No
Beverly Guy,ips,92,Yes,Yes,No,No
Hyacinth Mcgee,ipa,97,Yes,No,No,Yes
Bevis Newman,ipa,94,No,No,Yes,Yes
Yardley Navarro,ipa,88,No,Yes,No,Yes
Todd Jensen,ips,97,Yes,Yes,No,No
Hall Peterson,ips,94,No,No,No,Yes
Oprah Fernandez,ipa,96,Yes,No,No,No
Hall French,ips,96,Yes,Yes,No,No
Kibo Lang,ipa,98,Yes,No,Yes,Yes
Kuame Porter,ips,83,No,Yes,No,No
Charlotte Landry,ips,86,No,No,Yes,Yes
Lillith Molina,ipa,97,No,No,Yes,No
Reese Berry,ips,90,Yes,No,No,No
Vernon Barber,ipa,87,No,No,No,No
Joshua Joseph,ipa,87,No,Yes,Yes,No
Ava Salinas,ips,87,Yes,No,No,No
Fleur Mays,ipa,94,No,No,Yes,Yes
Macey Giles,ipa,81,Yes,Yes,No,Yes
Leroy Marshall,ips,86,Yes,No,No,Yes
Dustin Clemons,ipa,82,No,Yes,No,Yes
Lael Young,ips,85,No,Yes,Yes,No
Ashton Armstrong,ips,85,Yes,No,Yes,Yes
Gail Pace,ipa,96,Yes,Yes,Yes,Yes
Hedda Black,ips,82,No,No,Yes,Yes
Lance Ball,ipa,83,Yes,No,Yes,No
Odette Melton,ips,98,No,Yes,No,Yes
Phoebe Mooney,ipa,83,Yes,No,Yes,Yes
Tyler Mcgee,ipa,85,Yes,No,Yes,No
Barbara Donaldson,ipa,96,No,No,No,No
Trevor Small,ips,87,No,No,Yes,No
Caesar Pruitt,ips,86,No,Yes,No,Yes
Xena Mclean,ips,93,No,No,Yes,Yes
Dieter Hopper,ips,89,No,Yes,Yes,Yes
Raven Mills,ipa,92,No,Yes,No,Yes
Fulton Woods,ips,88,Yes,Yes,No,No
Alexander Anderson,ips,96,Yes,No,Yes,Yes
Adara Stuart,ipa,87,Yes,No,No,No
Uma Lynn,ipa,91,No,Yes,No,Yes
Karyn Alston,ipa,86,Yes,No,No,Yes
Finn Small,ipa,89,No,No,No,Yes
Lewis Spencer,ips,84,No,Yes,Yes,No
Graham Cardenas,ipa,84,Yes,No,Yes,No
Dominique Glenn,ips,87,No,No,Yes,Yes
Timon Sparks,ips,97,No,No,Yes,No
Violet Mcmillan,ipa,85,Yes,Yes,No,No
Teegan Houston,ips,90,Yes,No,Yes,Yes
Brock Case,ipa,98,No,No,No,Yes
Riley Knight,ips,87,No,No,No,No
Cody Gillespie,ipa,95,Yes,No,Yes,No
Xanthus Ruiz,ipa,87,No,No,Yes,Yes
Samantha Hicks,ipa,83,Yes,No,Yes,Yes
Cadman Hall,ips,90,Yes,Yes,No,Yes
Farrah Snyder,ipa,97,No,No,No,No
Kessie Reed,ipa,92,No,Yes,No,No
Jael Morgan,ipa,83,Yes,Yes,No,No
Steel Montoya,ips,83,No,Yes,Yes,No
Aline Gonzalez,ipa,90,No,No,Yes,Yes
Noelani Castaneda,ipa,81,Yes,Yes,Yes,Yes
Fritz Tanner,ips,83,No,Yes,No,Yes
Stella Lloyd,ipa,97,No,No,Yes,No
Quinlan Shepherd,ips,87,No,No,Yes,Yes
Maris Reyes,ips,89,Yes,No,Yes,No
Maxine Jarvis,ipa,86,Yes,Yes,Yes,No
Pascale Gamble,ipa,88,Yes,No,No,No
Hop Shaffer,ipa,84,No,Yes,No,Yes
Lucius Lee,ipa,95,No,Yes,No,Yes
Thor Oneil,ips,88,No,No,No,No
Skyler Richardson,ipa,96,No,No,Yes,Yes
Debra Finley,ips,97,Yes,No,No,Yes
Shad Webb,ips,89,No,Yes,No,No
Fritz Gallegos,ipa,85,No,Yes,No,No
Fuller Barrett,ips,93,No,No,No,No
Sawyer Pennington,ipa,88,Yes,Yes,No,Yes
Hilary Guerrero,ipa,98,Yes,No,No,No
David Jordan,ips,87,No,Yes,No,Yes
Breanna King,ipa,96,Yes,Yes,No,No
Chaney Wynn,ips,98,No,No,No,Yes
Jane Barr,ips,95,Yes,Yes,Yes,No
Rahim Lamb,ipa,93,No,No,Yes,Yes
Imani Romero,ipa,87,Yes,Yes,Yes,No
Karen Silva,ipa,84,No,Yes,Yes,Yes
Penelope Wall,ips,84,Yes,No,Yes,Yes
Ivan Stone,ips,85,No,Yes,No,Yes
Cathleen Lang,ips,92,Yes,Yes,Yes,Yes
Carolyn Peters,ipa,85,No,No,Yes,Yes
Karleigh Sheppard,ips,91,No,No,No,Yes
Jeanette Lee,ips,93,Yes,Yes,Yes,No
Dahlia Oneal,ipa,98,Yes,No,No,Yes
Kameko Brock,ipa,81,No,No,Yes,No
Michelle York,ips,88,Yes,Yes,No,No
Darrel Sandoval,ipa,97,Yes,No,No,No
Warren Riggs,ipa,82,Yes,Yes,Yes,No
Ruth Mendez,ipa,94,No,No,Yes,No
Charissa Dale,ipa,84,Yes,Yes,Yes,Yes
Odysseus Steele,ips,90,Yes,No,Yes,Yes
Gail Solomon,ips,94,Yes,No,No,No
Mira Mullins,ipa,94,No,No,No,Yes
Grace Clay,ipa,91,No,Yes,No,Yes
Stone Moreno,ipa,84,No,No,Yes,Yes
August Mcknight,ipa,96,Yes,Yes,Yes,Yes
Callum Barrett,ips,86,Yes,No,No,Yes
Abigail Zamora,ipa,88,No,No,Yes,Yes
Orson Huff,ips,81,No,No,Yes,No
Lucy Nieves,ips,95,Yes,Yes,No,No
Nevada Molina,ipa,89,Yes,No,No,No
Dolan Fry,ips,89,Yes,No,No,Yes
Josiah Kerr,ips,83,No,No,No,No
Pascale Stephens,ips,84,No,No,No,Yes
Keefe Schmidt,ipa,85,No,Yes,Yes,Yes
Calvin Mckinney,ips,96,Yes,Yes,No,Yes
Melanie Poole,ips,87,No,No,Yes,No
Xyla Russo,ips,97,No,No,No,No
Beatrice Sweet,ipa,82,No,Yes,Yes,Yes
Lael Wong,ipa,89,Yes,No,Yes,No
Jarrod Waller,ips,85,No,Yes,No,Yes
Deirdre Pollard,ips,81,No,No,Yes,Yes
Macy Luna,ips,86,No,Yes,Yes,No
Cyrus Peterson,ips,94,No,Yes,Yes,Yes
Fletcher Briggs,ipa,95,No,No,No,Yes
Skyler Dickerson,ipa,84,Yes,No,No,No
Holmes Ewing,ips,84,Yes,Yes,No,Yes
Daquan Santos,ips,81,Yes,Yes,Yes,No
Sandra Sanford,ips,96,Yes,No,Yes,Yes
Haley Gross,ips,84,Yes,No,Yes,No
Bruce Moon,ips,95,Yes,No,No,No
Kelsie Mclean,ipa,97,Yes,No,Yes,No
Macy Banks,ipa,83,No,Yes,Yes,No
Geoffrey Stevenson,ips,82,Yes,Yes,No,Yes
Celeste Ochoa,ipa,94,Yes,Yes,Yes,Yes
Donna Aguilar,ips,81,No,No,Yes,No
Ivy Stafford,ips,95,Yes,Yes,No,No
Jada Gamble,ips,85,No,No,Yes,No
Alisa Guthrie,ipa,86,No,No,No,Yes
Gisela Donaldson,ips,87,No,Yes,Yes,Yes
Vivien Hawkins,ipa,96,Yes,No,Yes,Yes
Sylvia Willis,ipa,87,Yes,No,Yes,Yes
Megan Dawson,ips,88,Yes,Yes,Yes,Yes
Joel Gonzalez,ips,81,Yes,Yes,No,No
Aretha Delaney,ipa,87,Yes,No,No,Yes
Gillian Patton,ipa,89,No,No,No,No
Candice Sweeney,ips,84,No,Yes,Yes,No
Leandra Doyle,ipa,92,No,No,No,Yes
Sylvester Oliver,ips,84,Yes,Yes,No,Yes
Nomlanga Mack,ipa,89,No,Yes,Yes,No
Bell Wiley,ipa,97,No,Yes,No,Yes
Vanna Hicks,ips,96,Yes,No,Yes,Yes
Lucius Cook,ipa,97,No,Yes,No,Yes
Hall Wyatt,ips,85,No,Yes,Yes,No
Owen Parsons,ipa,81,No,Yes,Yes,Yes
Burke Forbes,ipa,93,No,No,Yes,Yes
Charissa Cleveland,ips,90,Yes,Yes,Yes,Yes
Holly Boone,ips,81,No,Yes,Yes,No
Gary Coleman,ips,82,Yes,Yes,Yes,No
Colette Hancock,ipa,81,Yes,No,Yes,No
Ignatius Mccarty,ipa,89,Yes,Yes,No,No
Hector Snyder,ipa,98,Yes,No,No,Yes
Harding Mckay,ips,82,Yes,No,No,No
Hilary Schneider,ipa,95,Yes,Yes,Yes,Yes
Illana Mason,ips,90,No,No,No,No
Serina Heath,ipa,90,No,Yes,No,No
Angelica Byers,ipa,92,No,No,No,No
Brent Mercer,ips,83,Yes,Yes,No,Yes
Blake Atkins,ips,98,No,Yes,Yes,No
Bryar Mcneil,ips,81,No,No,Yes,Yes
Ramona Ramos,ipa,82,No,No,No,No
Leilani Mendez,ipa,91,No,No,Yes,No
Cadman Waters,ips,83,Yes,No,No,Yes
Len Hewitt,ipa,82,No,No,No,Yes
Nayda Hurley,ipa,90,Yes,Yes,No,No
Ebony Maynard,ipa,97,Yes,No,Yes,No
Felix Sharp,ipa,98,Yes,No,No,Yes
Hadassah Ayala,ips,91,No,Yes,No,No
Illana Collins,ips,84,No,Yes,No,Yes
Martena Bell,ipa,92,No,No,Yes,Yes
Tad Ayala,ipa,97,Yes,No,No,Yes
Nolan Lawrence,ips,97,Yes,No,Yes,Yes
Ivan Hull,ips,84,Yes,No,Yes,No
Xenos Cooper,ipa,87,Yes,No,Yes,No
Frances Oliver,ipa,90,No,Yes,No,Yes
Kaye Bray,ipa,92,No,No,Yes,Yes
Idona Velez,ips,86,No,No,No,Yes
Brady Guy,ipa,89,Yes,Yes,No,No
Christian Whitaker,ipa,89,Yes,No,Yes,Yes
Ignatius Lloyd,ips,97,No,Yes,No,Yes
Joshua Morrow,ips,86,No,Yes,Yes,No
Barry Sheppard,ipa,92,No,No,Yes,No
Daniel Chase,ips,96,Yes,No,No,Yes
Sigourney Calderon,ips,87,No,Yes,Yes,No
Carly Finch,ips,86,No,No,Yes,No
Brett Garrett,ips,83,Yes,Yes,No,Yes
Ian Manning,ipa,81,Yes,No,Yes,Yes
Joshua Espinoza,ips,85,Yes,No,No,No
Kato Petersen,ips,95,Yes,No,Yes,Yes
Kyra Greene,ipa,96,No,Yes,No,No
Hakeem Beach,ipa,83,Yes,No,Yes,Yes
Ferdinand Guerrero,ips,97,Yes,No,Yes,No
Olivia Gonzalez,ips,82,Yes,Yes,No,Yes
Abbot Shaffer,ips,95,Yes,Yes,Yes,No
Wanda Maxwell,ipa,94,No,Yes,Yes,No
Callum Chambers,ipa,96,Yes,Yes,Yes,No
Forrest Anderson,ipa,91,No,No,No,No
Mason Rosario,ips,91,Yes,No,No,Yes
Abraham Simmons,ips,90,No,Yes,No,No
Zenia Hutchinson,ipa,91,Yes,Yes,Yes,No
Hadassah Lindsey,ipa,93,No,Yes,Yes,No
Melissa Dawson,ipa,90,No,Yes,Yes,No
Kirk Fernandez,ips,96,No,Yes,Yes,Yes
Laurel Spencer,ipa,97,Yes,No,Yes,Yes
Signe Hamilton,ips,88,Yes,No,No,Yes
Olga Pratt,ipa,92,Yes,No,No,No
Philip Holder,ipa,80,No,No,Yes,Yes
Nicholas Mendoza,ipa,85,Yes,Yes,No,Yes
Jada Woodard,ipa,95,No,No,Yes,No
Cathleen Clemons,ips,94,No,No,Yes,No
Isabella Kaufman,ipa,95,No,Yes,No,Yes
Susan Hinton,ipa,86,No,Yes,No,Yes
Benedict Shannon,ipa,85,No,No,No,Yes
George Kerr,ipa,86,No,No,Yes,No
Kadeem Barnett,ipa,82,Yes,Yes,No,Yes
Clementine Ashley,ipa,81,Yes,No,Yes,No
Trevor Graves,ipa,93,No,No,Yes,No
Dexter Kane,ips,83,No,No,No,No
Lois Bryan,ipa,89,Yes,No,No,No
Kiayada James,ips,95,Yes,No,No,No
Kaye Rodgers,ipa,94,Yes,Yes,Yes,No
Hoyt Ball,ipa,82,No,Yes,No,No
Amaya Koch,ipa,91,No,No,No,Yes
Elmo Hurst,ips,92,Yes,Yes,No,Yes
Erica Benjamin,ipa,81,No,No,No,No
Geraldine Kirk,ips,96,No,No,Yes,No
Gabriel Keller,ipa,94,Yes,No,Yes,Yes
Cherokee Snow,ipa,85,Yes,No,Yes,No
Winter Lawson,ips,81,No,Yes,No,Yes
Zahir Deleon,ips,81,No,No,Yes,No
Colette Reid,ipa,97,Yes,Yes,Yes,Yes
Jana Moran,ips,83,Yes,Yes,Yes,Yes
Galena Vasquez,ipa,98,No,Yes,No,No
Amethyst Woodard,ips,87,Yes,No,Yes,Yes
Iliana Berry,ipa,89,Yes,Yes,Yes,Yes
Dawn Levine,ips,88,No,Yes,Yes,Yes
Alana French,ips,90,Yes,No,Yes,Yes
Debra Wood,ipa,89,Yes,Yes,No,Yes
Chaney Vasquez,ipa,85,Yes,Yes,No,Yes
Nigel Chambers,ipa,98,No,No,No,Yes
Lucas Mcknight,ips,83,No,Yes,Yes,No
Nola Bean,ips,92,Yes,No,No,Yes
Bethany Pugh,ips,93,No,No,Yes,No
Sade Livingston,ips,81,No,No,No,Yes
Heather Barker,ips,96,No,Yes,Yes,No
Kuame Santana,ips,94,No,Yes,Yes,Yes
Fuller Nguyen,ips,85,Yes,Yes,Yes,Yes
Allistair Ware,ipa,91,No,No,No,No
Jermaine Gonzales,ips,91,Yes,No,No,Yes
Evelyn Bolton,ips,97,Yes,No,Yes,Yes
Stone Hickman,ips,82,Yes,No,Yes,No
Wang Hoover,ipa,93,No,Yes,Yes,Yes
Aphrodite Cross,ips,94,No,Yes,Yes,No
Odessa Greene,ips,91,Yes,Yes,Yes,No
Nina Mcfadden,ipa,81,No,No,Yes,No
Harding Wolf,ips,85,Yes,Yes,Yes,Yes
Caleb Bean,ips,90,Yes,No,Yes,Yes
Willow Aguilar,ips,96,No,Yes,Yes,Yes
Aileen Hernandez,ipa,90,No,No,Yes,Yes
Julian Becker,ips,96,Yes,No,No,Yes
Maisie Hamilton,ips,92,Yes,Yes,No,No
Francis Ewing,ips,92,No,No,Yes,No
Xander Hanson,ips,86,Yes,Yes,Yes,No
Edan Jordan,ips,97,Yes,Yes,No,No
Murphy Stanton,ipa,90,No,No,No,No
Conan Sargent,ips,95,Yes,No,No,No
Cain House,ips,93,No,Yes,No,Yes
Lisandra Palmer,ipa,89,No,Yes,Yes,Yes
Jordan Barton,ipa,84,No,Yes,Yes,Yes
Zephr Santiago,ipa,81,Yes,No,No,Yes
Clementine Reeves,ipa,96,Yes,No,Yes,No
Bernard Blair,ips,86,Yes,Yes,Yes,No
Abra Elliott,ipa,93,Yes,No,No,No
Nathan Dickerson,ips,88,No,Yes,Yes,No
Demetria Sargent,ips,83,Yes,No,No,No
Joelle Ayers,ips,86,No,Yes,Yes,Yes
Hadley Houston,ips,84,Yes,No,No,Yes
Galena Cardenas,ips,91,No,Yes,Yes,Yes
Ruby Morrow,ips,80,No,No,No,Yes
Vernon Haynes,ips,90,No,Yes,Yes,Yes
Wade Stephens,ips,90,No,Yes,No,No
Maisie Coleman,ips,91,No,No,No,No
Rooney Mclaughlin,ipa,90,No,Yes,Yes,Yes
Holly Ware,ips,81,Yes,No,No,No
Marah Bullock,ipa,80,Yes,Yes,No,No
Guy Waller,ips,96,No,Yes,Yes,Yes
Kellie Ball,ips,85,No,No,Yes,Yes
Brody Jones,ips,83,No,No,No,No
Jescie Olsen,ips,91,Yes,Yes,Yes,Yes
Roary Huffman,ipa,93,Yes,No,Yes,No
Sebastian Cummings,ipa,98,Yes,No,Yes,Yes
Blythe Larsen,ipa,85,No,No,Yes,Yes
Jescie Montoya,ipa,96,No,Yes,Yes,Yes
Kyle Noel,ipa,84,Yes,Yes,Yes,No
Yuri Woodward,ipa,83,No,No,Yes,Yes
Blake Jarvis,ipa,88,No,No,Yes,No
Jemima Hawkins,ips,85,Yes,No,No,No
Geraldine Schroeder,ipa,88,No,Yes,Yes,No
Robert Irwin,ips,84,Yes,No,Yes,Yes
Quin Norton,ips,85,Yes,No,No,No
Britanney Jennings,ips,86,No,Yes,Yes,Yes
Troy Rios,ips,91,Yes,Yes,Yes,No
Daphne Hebert,ipa,88,Yes,Yes,Yes,No
Adara Branch,ipa,88,No,No,No,No
Daphne Hurley,ipa,87,Yes,Yes,Yes,Yes
Leonard Vaughn,ips,92,Yes,No,Yes,No
Fritz Ortega,ips,91,No,Yes,No,Yes
Kasper Cole,ips,96,No,No,No,Yes
Lionel Lester,ips,86,Yes,No,Yes,Yes
Callum Conrad,ips,87,Yes,No,Yes,No
Florence Suarez,ipa,90,Yes,Yes,No,No
Zeus Mcneil,ips,93,No,Yes,Yes,No
Tad Bolton,ipa,82,No,No,Yes,No
Aretha Brennan,ips,84,Yes,Yes,Yes,Yes
Hedwig Preston,ips,94,No,No,Yes,Yes
Eve Crosby,ips,88,No,No,No,No
Darrel Spencer,ips,83,No,No,Yes,Yes
Xantha Tyson,ipa,83,No,No,No,No
Derek Preston,ips,86,Yes,Yes,Yes,Yes
Dylan Holder,ipa,81,Yes,Yes,Yes,Yes
Sacha Day,ips,83,No,Yes,No,Yes
Tana Kinney,ips,93,No,Yes,Yes,No
Deacon Shields,ipa,89,No,No,Yes,No
Graiden Klein,ipa,85,Yes,Yes,Yes,Yes
Quinn Curry,ips,89,Yes,No,Yes,No
Rigel Fields,ips,88,Yes,No,No,Yes
Stuart Singleton,ips,89,No,Yes,No,No
Hamish West,ips,92,No,No,Yes,Yes
Keith Pratt,ipa,85,No,Yes,Yes,Yes
Herman Pruitt,ips,84,No,Yes,Yes,No
Hillary Ballard,ips,88,No,Yes,Yes,Yes
Ashton Zimmerman,ips,86,Yes,Yes,Yes,Yes
Kenneth Taylor,ips,95,No,No,Yes,No
Orlando Schroeder,ips,96,Yes,No,No,Yes
Erich Glass,ipa,85,No,Yes,Yes,Yes
Bert Patterson,ips,83,Yes,Yes,No,Yes
Orson Dennis,ipa,97,Yes,Yes,Yes,No
Hilary Maynard,ips,90,No,Yes,No,No
Chaim Powers,ipa,83,Yes,No,No,Yes
Hunter Fowler,ips,85,No,Yes,No,Yes
Nyssa Lee,ips,84,No,No,Yes,No
Kelly Reynolds,ipa,91,Yes,Yes,Yes,Yes
Karyn Haynes,ipa,82,No,Yes,Yes,Yes
Valentine Bullock,ipa,95,No,No,Yes,Yes
Dara Livingston,ipa,94,No,Yes,Yes,Yes
Aidan Harmon,ips,91,No,No,Yes,Yes
Emmanuel Rios,ips,84,No,No,No,No
Sarah Dawson,ipa,83,Yes,No,No,No
Yardley Hopper,ipa,80,No,No,No,Yes
Fleur Gallegos,ipa,94,Yes,Yes,No,Yes
Reuben Cotton,ipa,88,No,Yes,Yes,No
Tanya Monroe,ipa,90,No,Yes,No,No
Lesley Carson,ipa,96,No,No,No,Yes
Aretha Osborne,ips,83,No,No,Yes,Yes
Quemby Bean,ips,87,No,No,Yes,Yes
Cassidy Sharpe,ips,90,No,Yes,Yes,Yes
Georgia Roman,ipa,80,Yes,Yes,Yes,Yes
Asher Hatfield,ips,87,Yes,Yes,No,No
Plato Dorsey,ips,86,Yes,Yes,Yes,No
Deacon Mcintyre,ipa,88,No,Yes,Yes,No
Wanda Ferrell,ipa,83,Yes,Yes,No,Yes
Samson Giles,ipa,84,Yes,Yes,No,No
Ramona Larsen,ipa,97,Yes,Yes,No,Yes
Donna Bray,ips,96,Yes,Yes,Yes,Yes
Martin Edwards,ipa,89,No,Yes,No,No
Leslie Gill,ipa,90,Yes,No,Yes,No
Blaze Hunter,ips,97,Yes,Yes,Yes,Yes
Bianca Raymond,ipa,92,Yes,Yes,No,No
Robert Hamilton,ipa,92,No,No,Yes,Yes
Grady Wolfe,ipa,94,No,No,No,No
Frances Roach,ips,90,Yes,Yes,No,Yes
Zenia Woods,ipa,86,Yes,No,No,No
Unity Orr,ips,83,No,Yes,Yes,Yes
Gray Gillespie,ipa,90,No,No,No,Yes
Gannon Head,ips,93,No,No,Yes,No
Gloria Munoz,ipa,88,No,Yes,Yes,Yes
Ashely Workman,ipa,82,Yes,Yes,No,No
Harding Dawson,ips,97,No,No,No,Yes
Hiroko Sims,ipa,86,No,Yes,No,Yes
Christine Alvarez,ipa,83,No,Yes,Yes,Yes
Zenia Rodriquez,ipa,82,Yes,No,Yes,Yes
David Moreno,ips,90,No,No,No,Yes
Mia Hill,ips,82,No,No,No,Yes
Louis Stephens,ipa,85,Yes,Yes,No,Yes
Ramona Porter,ipa,94,Yes,Yes,No,Yes
Harlan Carter,ipa,85,No,Yes,No,Yes
Veronica Bennett,ipa,90,Yes,No,No,Yes
Serena O'connor,ips,93,No,No,Yes,Yes
Amir Romero,ips,86,Yes,No,No,No
Oleg Mcclain,ipa,88,Yes,No,Yes,No
Claire Stokes,ips,82,Yes,Yes,No,Yes
Vanna Mcneil,ips,92,No,No,No,No
Kamal Hunter,ips,96,No,Yes,No,Yes
Francis Bean,ips,83,Yes,Yes,No,Yes
Irene Robertson,ipa,80,Yes,No,No,No
Haviva Anderson,ipa,96,No,No,Yes,No
Olivia Henson,ipa,93,Yes,Yes,Yes,No
Rashad Sweeney,ips,81,No,Yes,No,No
Ivana Valencia,ipa,88,Yes,No,Yes,Yes
Shelly Peters,ips,83,Yes,Yes,No,No
Nicholas Osborne,ips,85,No,No,No,Yes
Martina Jennings,ips,88,Yes,Yes,Yes,No
Charissa Calderon,ips,90,Yes,No,No,No
Xenos Alvarado,ipa,96,Yes,No,Yes,No
Doris Mueller,ipa,84,No,No,Yes,No
Joshua Browning,ipa,86,No,Yes,No,Yes
Alea Cantu,ips,83,No,No,Yes,No
Chiquita Figueroa,ipa,87,No,No,Yes,Yes
Fitzgerald William,ipa,81,No,No,No,Yes
Bradley Cooley,ipa,83,No,No,No,Yes
Xavier Talley,ipa,93,Yes,No,No,Yes
Sydnee Humphrey,ips,89,Yes,No,No,Yes
Gray Guerrero,ipa,87,Yes,No,Yes,Yes
Lila Frederick,ips,96,Yes,Yes,Yes,Yes
Kelly Gross,ips,89,Yes,Yes,Yes,No
Jade Rojas,ips,85,Yes,No,Yes,Yes
Arthur Matthews,ips,97,Yes,No,Yes,No
Phillip Dodson,ipa,80,Yes,No,Yes,No
Sopoline Workman,ipa,91,No,Yes,No,No
Richard Blevins,ipa,93,No,Yes,Yes,Yes
Callum Barrera,ipa,97,Yes,No,No,Yes
Reuben Valenzuela,ipa,94,No,Yes,Yes,No
Neve Brooks,ips,80,No,Yes,No,Yes
Chadwick Downs,ipa,94,Yes,No,Yes,Yes
Steven Moreno,ipa,86,No,Yes,Yes,No
Kellie Sandoval,ips,83,No,No,Yes,Yes
Emery William,ipa,87,Yes,No,No,No
Alisa Tillman,ipa,93,Yes,Yes,Yes,Yes
Alexander Baker,ipa,88,Yes,Yes,No,No
Zorita Davis,ips,94,Yes,No,Yes,Yes
Connor Mooney,ips,98,No,Yes,Yes,No
Chelsea Powers,ips,94,Yes,No,No,No
Yuli Livingston,ipa,89,Yes,Yes,Yes,No
Jelani Holcomb,ipa,84,Yes,Yes,No,No
Carl Mcdowell,ips,83,No,No,No,No
Melanie Miranda,ipa,85,No,No,Yes,Yes
Gail Gomez,ips,93,No,Yes,Yes,No
Otto Mercer,ips,84,No,Yes,Yes,No
Kimberly Hart,ipa,96,Yes,Yes,No,No
Nathaniel Combs,ips,93,Yes,Yes,No,Yes
Guy Workman,ipa,85,Yes,Yes,No,No
Brianna Sandoval,ipa,85,No,No,Yes,Yes
George Mitchell,ipa,83,Yes,No,Yes,Yes
Baxter Morton,ips,81,No,No,Yes,Yes
Jaden Coleman,ips,90,Yes,No,Yes,No
Buckminster Whitney,ips,93,Yes,No,No,Yes
Leroy Swanson,ipa,91,Yes,No,Yes,No
Ferdinand Ortiz,ipa,82,Yes,Yes,Yes,Yes
Aspen Flynn,ipa,98,No,Yes,No,Yes
Sharon Vazquez,ips,83,No,No,No,No
Ivan Woodward,ipa,90,Yes,No,No,No
Brynne Andrews,ipa,86,Yes,No,Yes,No
Neville Moore,ips,91,Yes,No,Yes,No
Alden Hamilton,ipa,92,Yes,Yes,No,No
Michael Clements,ipa,87,Yes,Yes,Yes,Yes
Veda Newton,ips,85,No,No,No,No
Lev Garrison,ipa,95,No,No,Yes,Yes
Cherokee Ramos,ips,81,No,Yes,No,No
Erasmus Alvarez,ips,91,Yes,Yes,Yes,No
Aidan Velasquez,ipa,83,Yes,No,No,No
Felix Wilcox,ips,82,Yes,Yes,No,No
Chancellor Moody,ips,81,No,Yes,No,Yes
Amos Snow,ipa,93,No,No,Yes,No
Raphael Morin,ipa,86,Yes,No,No,No
Yuli Wheeler,ipa,82,No,Yes,No,Yes
Quynn Huber,ips,89,Yes,No,Yes,No
Hunter Horn,ipa,89,Yes,Yes,Yes,Yes
Sarah Hawkins,ips,90,Yes,No,No,No
Victor Harris,ips,88,No,No,Yes,Yes
Amos Gross,ips,82,No,No,Yes,No
Gloria Knox,ipa,89,Yes,Yes,Yes,Yes
Maxwell Reid,ips,94,No,No,Yes,No
Josiah Cline,ips,90,Yes,Yes,No,No
Xander Marks,ipa,83,No,No,Yes,No
Idola Craft,ipa,97,No,Yes,No,Yes
Miranda Mcpherson,ipa,90,No,No,Yes,No
Cairo Melton,ipa,90,Yes,No,No,No
Kirestin Cameron,ips,86,Yes,No,Yes,No
Emmanuel Reeves,ipa,86,No,Yes,Yes,Yes
Zelda Farley,ipa,80,No,No,No,No
Hayley Shepard,ips,94,No,No,Yes,No
Aiko Moses,ips,97,Yes,No,Yes,No
Hannah Woods,ipa,86,Yes,No,Yes,Yes
Allen Nelson,ips,83,No,Yes,Yes,Yes
Gisela Powell,ips,80,No,No,No,No
Harper Marks,ipa,83,Yes,Yes,No,Yes
Emma Lambert,ipa,90,No,No,Yes,Yes
Beau Deleon,ipa,81,Yes,Yes,Yes,Yes
Darius Decker,ips,85,No,No,Yes,Yes
Wing Saunders,ips,80,Yes,No,No,No
Noble Wilder,ipa,85,No,No,No,No
Barrett Kirk,ips,94,No,No,Yes,No
Elmo Love,ipa,96,Yes,Yes,No,No
Zorita Aguirre,ipa,87,Yes,Yes,Yes,Yes
Indira Hampton,ips,89,Yes,No,Yes,No
Hakeem Hess,ipa,92,No,Yes,No,Yes
Yeo Gibbs,ips,81,No,No,Yes,No
Laurel Robles,ips,83,Yes,No,Yes,No
Germaine Richards,ips,89,No,Yes,Yes,Yes
Jonas Mercado,ips,86,Yes,No,Yes,No
Kameko Hartman,ips,81,No,Yes,Yes,No
Farrah Guy,ipa,96,No,No,Yes,Yes
Leilani Holden,ips,94,No,Yes,Yes,Yes
Ray Guzman,ips,95,No,No,Yes,No
Meghan Bean,ips,91,Yes,No,No,No
Peter Preston,ipa,90,No,No,No,No
Merritt Ayala,ipa,88,Yes,Yes,No,No
Maia Hancock,ipa,93,No,Yes,No,Yes
Caryn Roberson,ipa,84,No,Yes,No,No
Aspen Rice,ipa,82,Yes,Yes,Yes,Yes
Florence Klein,ips,91,No,Yes,Yes,Yes
Nomlanga Vance,ipa,82,Yes,No,No,No
Leo Delacruz,ips,90,No,No,Yes,Yes
Maia Conway,ips,87,No,Yes,Yes,Yes
Ebony Contreras,ips,83,No,Yes,No,No
Amos Hickman,ips,90,No,No,No,Yes
Nash Rich,ips,96,No,No,No,No
Yuri Slater,ipa,95,No,No,No,No
Ray Franco,ipa,93,No,Yes,No,No
Camden Ballard,ips,81,Yes,No,Yes,Yes
Rosalyn Rosario,ipa,92,Yes,No,No,Yes
Claudia Stanton,ips,96,Yes,No,No,Yes
Louis Nicholson,ipa,90,No,No,Yes,No
Paul Wallace,ipa,97,Yes,Yes,No,No
Clark O'donnell,ips,88,No,Yes,Yes,No
Ahmed Vang,ipa,97,No,No,No,No
Wynter Hahn,ips,85,No,No,Yes,No
Claire Zamora,ipa,85,No,No,Yes,No
Raphael Mcknight,ips,81,Yes,No,No,No
Hermione Castro,ipa,83,Yes,Yes,Yes,Yes
Jaquelyn Guerra,ipa,95,Yes,No,Yes,No
Rebecca Jefferson,ipa,94,No,Yes,Yes,Yes
Julian Guerra,ipa,92,No,Yes,Yes,Yes
Uma Russell,ipa,94,No,No,Yes,Yes
Karen Merrill,ipa,91,Yes,No,Yes,No
Summer Mcguire,ips,87,Yes,Yes,No,Yes
Sylvia Melendez,ipa,81,Yes,Yes,Yes,Yes
Colt Kaufman,ipa,82,No,No,No,Yes
Jenette Holloway,ips,92,No,Yes,Yes,Yes
William Hammond,ipa,83,Yes,Yes,No,Yes
Ahmed Vaughan,ipa,91,Yes,Yes,No,Yes
Marvin Langley,ipa,90,No,No,Yes,No
Maxine Cooley,ips,95,No,Yes,No,Yes
Lani Ferguson,ipa,88,Yes,No,No,No
Serina Frazier,ips,94,No,Yes,No,No
Jack Bailey,ipa,90,No,Yes,Yes,Yes
Kareem French,ipa,89,Yes,No,No,Yes
Joy Roy,ipa,81,Yes,Yes,Yes,Yes
Tate Graham,ipa,85,No,No,Yes,No
Amethyst Blevins,ips,86,Yes,Yes,Yes,Yes
Jakeem Rhodes,ips,95,No,Yes,No,No
Lance Giles,ipa,96,Yes,No,Yes,No
Jack Park,ipa,85,Yes,No,Yes,Yes
Kane Adkins,ipa,89,Yes,No,No,No
Quon Austin,ips,97,Yes,No,No,No
Cameran Pate,ips,88,Yes,No,No,Yes
Callum Payne,ips,96,Yes,No,Yes,No
Jeremy Alford,ips,95,Yes,Yes,No,Yes
Kristen Delgado,ips,86,No,Yes,No,Yes
Gannon Chambers,ipa,95,Yes,Yes,Yes,Yes
Donovan Mooney,ips,93,Yes,No,Yes,Yes
Montana Adkins,ips,81,Yes,Yes,Yes,No
Indira Cannon,ips,95,No,No,Yes,Yes
Rhea Bernard,ips,93,No,Yes,Yes,No
Ariana Adams,ipa,82,No,Yes,No,No
Joelle Weiss,ipa,90,No,No,No,Yes
Cain Torres,ipa,91,Yes,Yes,No,No
Reagan Hayden,ips,98,No,Yes,No,Yes
Alfreda Valdez,ipa,98,Yes,Yes,No,No
Jarrod Riddle,ipa,94,Yes,Yes,Yes,Yes
Lavinia Dickson,ipa,81,Yes,No,No,Yes
Demetrius Vargas,ips,89,No,Yes,Yes,Yes
Freya Compton,ipa,94,Yes,No,No,Yes
Suki Harvey,ips,91,Yes,Yes,Yes,No
Olivia Rosario,ipa,95,Yes,No,No,No
Lamar Zimmerman,ipa,86,No,No,No,Yes
Natalie Glover,ipa,95,Yes,Yes,No,Yes
Simone Drake,ips,87,No,Yes,Yes,Yes
Clare Herring,ips,85,Yes,No,Yes,No
Leah Stephens,ipa,86,Yes,Yes,No,Yes
Carlos Rosales,ipa,88,No,Yes,No,No
Martha Wilkinson,ipa,82,No,No,Yes,No
Lucius Cardenas,ipa,83,No,No,Yes,No
Cooper Gordon,ipa,81,No,Yes,Yes,No
Gwendolyn Hart,ips,91,No,No,No,Yes
Barbara Estes,ipa,81,Yes,No,Yes,No
Stone Cervantes,ipa,91,Yes,No,Yes,Yes
Phoebe Richard,ips,97,No,Yes,No,No
Karen Snider,ipa,88,No,No,No,No
Olga Joyce,ipa,84,Yes,Yes,No,Yes
Sandra Stanton,ipa,97,Yes,Yes,Yes,Yes
Melvin Landry,ips,97,Yes,No,No,No
Demetria Malone,ipa,97,No,No,Yes,No
MacKensie Pratt,ipa,84,Yes,Yes,No,No
Liberty Golden,ipa,87,No,No,Yes,No
Garrison Ashley,ipa,86,Yes,No,Yes,Yes
Xander Coffey,ips,91,No,No,Yes,Yes
Brenden Carney,ips,93,No,Yes,Yes,Yes
Justine Webb,ipa,81,No,Yes,No,Yes
Sonia Boone,ipa,80,Yes,No,No,No
Joshua Ross,ips,86,Yes,Yes,No,No
Cade Herman,ips,91,Yes,Yes,No,No
Zenia Avery,ips,91,Yes,Yes,Yes,No
Connor Warren,ips,97,No,Yes,Yes,Yes
Fritz Arnold,ips,94,No,No,No,No
Abbot Higgins,ipa,85,No,Yes,No,No
Leslie Osborn,ipa,95,Yes,Yes,Yes,No
Maxwell Knox,ipa,93,Yes,No,No,Yes
Jessica Oneil,ipa,91,Yes,Yes,No,Yes
Talon Frazier,ipa,95,No,No,Yes,No
Kasimir Buchanan,ipa,89,No,No,No,Yes
Melvin Suarez,ips,90,Yes,Yes,No,Yes
Ciaran Donaldson,ipa,82,Yes,No,Yes,Yes
Donovan Mejia,ips,84,No,No,No,No
Arthur Perry,ipa,81,No,Yes,Yes,No
Daniel Mcleod,ipa,98,Yes,No,No,Yes
Vivien Bolton,ipa,81,Yes,No,No,Yes
Derek Rojas,ips,89,No,Yes,No,No
Olga Bartlett,ips,86,Yes,Yes,No,Yes
Isabelle Richard,ipa,88,No,No,Yes,No
Rina Wise,ipa,93,No,No,Yes,No
Vincent Guerrero,ipa,93,No,Yes,Yes,No
Alexa Lynch,ips,89,No,No,Yes,No
Amaya Howard,ipa,94,Yes,Yes,Yes,No
Leandra Gould,ipa,95,No,Yes,Yes,Yes
Timothy Mccarty,ips,91,No,No,No,Yes
Ethan Farley,ips,83,No,Yes,No,Yes
Armand Simmons,ipa,97,No,No,Yes,No
Angelica Barr,ipa,84,Yes,No,Yes,No
Brian Lopez,ipa,91,No,Yes,No,No
Dorian Ingram,ips,96,Yes,No,Yes,No
Emery Hampton,ips,86,No,Yes,Yes,No
Chava Mitchell,ipa,86,No,No,Yes,No
Aretha Mcknight,ips,87,Yes,Yes,Yes,Yes
Charles Haley,ips,88,Yes,No,No,Yes
Kelly Petty,ipa,87,Yes,No,Yes,Yes
Tashya Terry,ipa,86,No,Yes,No,Yes
Wynne Kennedy,ips,85,No,No,No,No
Iona Atkins,ips,80,No,Yes,Yes,No
Malik Pacheco,ipa,92,Yes,Yes,Yes,Yes
Candace Mcmahon,ipa,90,Yes,Yes,No,No
Sydney Neal,ips,85,No,Yes,No,Yes
Myra Neal,ipa,98,No,No,Yes,Yes
Xanthus Miller,ips,92,Yes,Yes,Yes,Yes
Ivana Nichols,ips,82,Yes,Yes,No,Yes
Evan Payne,ips,83,No,No,Yes,Yes
Brooke Booth,ipa,90,No,Yes,Yes,No
Rina Adams,ips,95,No,Yes,Yes,No
Adara Mckinney,ipa,91,Yes,Yes,Yes,Yes
Nero Acevedo,ipa,90,Yes,No,Yes,Yes
Flynn Stephenson,ipa,94,No,No,Yes,Yes
Ferdinand Greer,ips,80,No,No,Yes,No
Galena Rosario,ipa,90,No,No,No,No
Evan Sweeney,ips,90,No,Yes,No,Yes
Devin Edwards,ipa,85,No,Yes,No,No
Teegan Roth,ips,96,Yes,No,Yes,Yes
Inga Schneider,ips,98,No,Yes,Yes,No
Hilel Riley,ips,81,No,No,No,No
Craig Brewer,ips,81,Yes,Yes,Yes,No
Kyle Cameron,ipa,97,Yes,Yes,Yes,No
Yolanda Monroe,ips,92,No,Yes,No,No
Urielle Buckner,ips,93,No,Yes,Yes,No
Dahlia Tyler,ips,89,No,No,No,Yes
Claire Shepard,ips,94,Yes,Yes,Yes,No
Lani Brennan,ips,87,Yes,No,No,Yes
Mona Velasquez,ips,90,No,Yes,Yes,No
Raven Durham,ipa,94,Yes,Yes,No,Yes
Reuben Carey,ips,96,No,No,Yes,Yes
Sacha Townsend,ips,96,No,No,Yes,No
Jack Vasquez,ipa,98,No,Yes,No,No
Alden Meyers,ipa,89,No,Yes,No,Yes
Raya Buckley,ips,86,Yes,Yes,No,No
Norman Glover,ips,92,Yes,No,No,No
Laura Sampson,ipa,83,No,Yes,No,No
Jaime Rodriguez,ips,81,No,No,No,Yes
Hector Lloyd,ipa,92,No,Yes,No,Yes
